-- =============================================
-- SmartRAD 로컬/팀 개발용 시드 데이터
-- Hibernate가 테이블을 생성한 뒤(spring.jpa.defer-datasource-initialization=true)
-- 매 기동 시 자동 실행됩니다 (spring.sql.init.mode=always). INSERT IGNORE라 재실행해도 안전합니다.
--
-- 모든 계정의 비밀번호는 'test1234' 입니다.
-- 은행/계좌 정보는 보안상 시드에 포함하지 않았습니다(NULL).
-- =============================================

INSERT IGNORE INTO department (department_id, created_at, deleted, updated_at, active, department_name, parent_department_id) VALUES
(1, '2026-07-15 10:23:56.047516', b'0', '2026-07-15 10:23:56.047516', b'1', '개발팀', NULL),
(2, '2026-07-15 10:24:52.033193', b'0', '2026-07-15 10:24:52.033193', b'1', '영업팀', NULL),
(3, '2026-07-15 06:00:32.000000', b'0', '2026-07-15 06:00:32.000000', b'1', '인사팀', NULL),
(4, '2026-07-15 06:00:32.000000', b'0', '2026-07-15 06:00:32.000000', b'1', '재무팀', NULL),
(5, '2026-07-15 06:00:32.000000', b'0', '2026-07-15 06:00:32.000000', b'1', '마케팅팀', NULL),
(6, '2026-07-15 06:00:32.000000', b'0', '2026-07-15 06:00:32.000000', b'1', '고객지원팀', NULL);

INSERT IGNORE INTO position (position_id, created_at, deleted, updated_at, active, level, position_name) VALUES
(1, '2026-07-15 10:23:56.081195', b'0', '2026-07-15 10:23:56.081195', b'1', 1, '사원'),
(2, '2026-07-15 06:00:32.000000', b'0', '2026-07-15 06:00:32.000000', b'1', 2, '주임'),
(3, '2026-07-15 06:00:32.000000', b'0', '2026-07-15 06:00:32.000000', b'1', 3, '대리'),
(4, '2026-07-15 06:00:32.000000', b'0', '2026-07-15 06:00:32.000000', b'1', 4, '과장'),
(5, '2026-07-15 06:00:32.000000', b'0', '2026-07-15 06:00:32.000000', b'1', 5, '차장'),
(6, '2026-07-15 06:00:32.000000', b'0', '2026-07-15 06:00:32.000000', b'1', 6, '부장');

INSERT IGNORE INTO employment_type (employment_type_id, created_at, deleted, updated_at, active, employment_type_name) VALUES
(1, '2026-07-15 10:23:56.100717', b'0', '2026-07-15 10:23:56.100717', b'1', '정규직'),
(2, '2026-07-15 06:00:32.000000', b'0', '2026-07-15 06:00:32.000000', b'1', '계약직'),
(3, '2026-07-15 06:00:32.000000', b'0', '2026-07-15 06:00:32.000000', b'1', '인턴');

INSERT IGNORE INTO leave_type (leave_type_id, created_at, default_days, leave_type_name, note, paid_yn) VALUES
(1, '2026-07-15 10:49:04.261334', 15.0, '연차', NULL, b'1');

INSERT IGNORE INTO leave_policy (leave_policy_id, created_at, annual_leave_days, half_day_allowed, max_carry_over_days, note, position_id) VALUES
(1, '2026-07-15 10:49:04.306350', 15.0, b'1', 5.0, NULL, 1);

INSERT IGNORE INTO allowance (allowance_id, created_at, deleted, updated_at, active, allowance_name, fixed, taxable) VALUES
(1, '2026-07-15 11:07:47.277251', b'0', '2026-07-15 11:07:47.277251', b'1', '직책수당', b'1', b'1');

INSERT IGNORE INTO employee (employee_id, employee_no, name, birth_date, phone, email, address, hire_date, resignation_date, employee_status_code, department_id, position_id, employment_type_id, manager_id, bank_name, account_number, account_holder, base_salary, password, active, deleted, created_at, updated_at) VALUES
(1, 'E2026001', '홍길동', '1988-03-14', '010-1000-0001', 'hong@example.com', '서울특별시 강남구 테헤란로 1', '2020-03-02', NULL, 'ACTIVE', 1, 4, 1, NULL, NULL, NULL, NULL, 55000000, '$2a$10$YYQoLeqqqQBtWd5BZaImFOd0sFZSDiFIsgHT5fJ0APf1ssxiSOyky', b'1', b'0', '2026-07-15 06:00:32', '2026-07-15 06:00:32'),
(3, 'E2026003', '서지호', '1996-05-23', '010-2169-3803', 'user003@example.com', '서울특별시 종로구 성수일로 63', '2026-07-04', NULL, 'ACTIVE', 4, 6, 1, NULL, NULL, NULL, NULL, 45000000, '$2a$10$YYQoLeqqqQBtWd5BZaImFOd0sFZSDiFIsgHT5fJ0APf1ssxiSOyky', b'1', b'0', '2026-07-15 06:00:32', '2026-07-15 06:00:32'),
(4, 'E2026004', '한수빈', '1993-12-11', '010-4483-9179', 'user004@example.com', '서울특별시 영등포구 성수일로 118', '2026-07-04', NULL, 'ACTIVE', 2, 1, 1, NULL, NULL, NULL, NULL, 50000000, '$2a$10$YYQoLeqqqQBtWd5BZaImFOd0sFZSDiFIsgHT5fJ0APf1ssxiSOyky', b'1', b'0', '2026-07-15 06:00:32', '2026-07-15 06:00:32'),
(5, 'E2026005', '신민재', '1977-01-28', '010-2796-3504', 'user005@example.com', '서울특별시 성동구 월드컵로 175', '2022-09-16', NULL, 'ACTIVE', 4, 3, 1, NULL, NULL, NULL, NULL, 65000000, '$2a$10$YYQoLeqqqQBtWd5BZaImFOd0sFZSDiFIsgHT5fJ0APf1ssxiSOyky', b'1', b'0', '2026-07-15 06:00:32', '2026-07-15 06:00:32'),
(6, 'E2026006', '권규현', '1996-09-25', '010-5371-6573', 'user006@example.com', '서울특별시 강남구 올림픽로 112', '2026-06-04', NULL, 'ACTIVE', 3, 5, 1, NULL, NULL, NULL, NULL, 50000000, '$2a$10$YYQoLeqqqQBtWd5BZaImFOd0sFZSDiFIsgHT5fJ0APf1ssxiSOyky', b'1', b'0', '2026-07-15 06:00:32', '2026-07-15 06:00:32'),
(7, 'E2026007', '강다솜', '1986-03-18', '010-9689-1009', 'user007@example.com', '서울특별시 종로구 올림픽로 126', '2026-05-20', '2025-04-05', 'RESIGNED', 1, 6, 1, NULL, NULL, NULL, NULL, 50000000, '$2a$10$YYQoLeqqqQBtWd5BZaImFOd0sFZSDiFIsgHT5fJ0APf1ssxiSOyky', b'1', b'0', '2026-07-15 06:00:32', '2026-07-15 06:00:32'),
(8, 'E2026008', '윤수빈', '1977-09-25', '010-3060-3103', 'user008@example.com', '서울특별시 성동구 여의대로 141', '2021-12-16', NULL, 'ACTIVE', 2, 5, 1, NULL, NULL, NULL, NULL, 65000000, '$2a$10$YYQoLeqqqQBtWd5BZaImFOd0sFZSDiFIsgHT5fJ0APf1ssxiSOyky', b'1', b'0', '2026-07-15 06:00:32', '2026-07-15 06:00:32'),
(9, 'E2026009', '조예린', '1996-11-12', '010-8177-9479', 'user009@example.com', '서울특별시 영등포구 테헤란로 64', '2026-03-13', NULL, 'ACTIVE', 6, 6, 1, NULL, NULL, NULL, NULL, 45000000, '$2a$10$YYQoLeqqqQBtWd5BZaImFOd0sFZSDiFIsgHT5fJ0APf1ssxiSOyky', b'1', b'0', '2026-07-15 06:00:32', '2026-07-15 06:00:32'),
(10, 'E2026010', '윤민준', '1976-06-03', '010-9423-4899', 'user010@example.com', '서울특별시 송파구 성수일로 125', '2021-04-03', NULL, 'ACTIVE', 1, 6, 3, NULL, NULL, NULL, NULL, 72000000, '$2a$10$YYQoLeqqqQBtWd5BZaImFOd0sFZSDiFIsgHT5fJ0APf1ssxiSOyky', b'1', b'0', '2026-07-15 06:00:32', '2026-07-15 06:00:32'),
(11, 'E2026011', '윤아린', '1986-07-14', '010-8651-1887', 'user011@example.com', '서울특별시 성동구 성수일로 166', '2021-11-14', NULL, 'ACTIVE', 4, 2, 1, NULL, NULL, NULL, NULL, 58000000, '$2a$10$YYQoLeqqqQBtWd5BZaImFOd0sFZSDiFIsgHT5fJ0APf1ssxiSOyky', b'1', b'0', '2026-07-15 06:00:32', '2026-07-15 06:00:32'),
(12, 'E2026012', '최시우', '1980-05-15', '010-5092-2235', 'user012@example.com', '서울특별시 영등포구 종로 26', '2024-03-14', NULL, 'ACTIVE', 2, 2, 2, NULL, NULL, NULL, NULL, 32000000, '$2a$10$YYQoLeqqqQBtWd5BZaImFOd0sFZSDiFIsgHT5fJ0APf1ssxiSOyky', b'1', b'0', '2026-07-15 06:00:32', '2026-07-15 06:00:32'),
(13, 'E2026013', '박시우', '1987-01-06', '010-7209-1035', 'user013@example.com', '서울특별시 영등포구 올림픽로 117', '2024-04-28', NULL, 'ACTIVE', 2, 4, 1, NULL, NULL, NULL, NULL, 72000000, '$2a$10$YYQoLeqqqQBtWd5BZaImFOd0sFZSDiFIsgHT5fJ0APf1ssxiSOyky', b'1', b'0', '2026-07-15 06:00:32', '2026-07-15 06:00:32'),
(14, 'E2026014', '정다인', '1976-12-11', '010-1936-1821', 'user014@example.com', '서울특별시 종로구 여의대로 129', '2025-12-18', NULL, 'ACTIVE', 3, 2, 1, NULL, NULL, NULL, NULL, 36000000, '$2a$10$YYQoLeqqqQBtWd5BZaImFOd0sFZSDiFIsgHT5fJ0APf1ssxiSOyky', b'1', b'0', '2026-07-15 06:00:32', '2026-07-15 06:00:32'),
(15, 'E2026015', '강예은', '1993-04-19', '010-1651-2343', 'user015@example.com', '서울특별시 영등포구 성수일로 150', '2022-07-04', NULL, 'ACTIVE', 5, 1, 3, NULL, NULL, NULL, NULL, 45000000, '$2a$10$YYQoLeqqqQBtWd5BZaImFOd0sFZSDiFIsgHT5fJ0APf1ssxiSOyky', b'1', b'0', '2026-07-15 06:00:32', '2026-07-15 06:00:32'),
(16, 'E2026016', '한시우', '1989-06-25', '010-2188-1152', 'user016@example.com', '서울특별시 영등포구 종로 145', '2026-06-10', NULL, 'LEAVE', 3, 4, 1, NULL, NULL, NULL, NULL, 50000000, '$2a$10$YYQoLeqqqQBtWd5BZaImFOd0sFZSDiFIsgHT5fJ0APf1ssxiSOyky', b'1', b'0', '2026-07-15 06:00:32', '2026-07-15 06:00:32'),
(17, 'E2026017', '정소율', '1992-12-10', '010-9666-1128', 'user017@example.com', '서울특별시 성동구 종로 77', '2023-03-15', NULL, 'LEAVE', 1, 2, 1, NULL, NULL, NULL, NULL, 50000000, '$2a$10$YYQoLeqqqQBtWd5BZaImFOd0sFZSDiFIsgHT5fJ0APf1ssxiSOyky', b'1', b'0', '2026-07-15 06:00:32', '2026-07-15 06:00:32'),
(18, 'E2026018', '최하은', '1981-12-11', '010-4335-5325', 'user018@example.com', '서울특별시 종로구 여의대로 65', '2023-05-20', NULL, 'ACTIVE', 6, 5, 1, NULL, NULL, NULL, NULL, 50000000, '$2a$10$YYQoLeqqqQBtWd5BZaImFOd0sFZSDiFIsgHT5fJ0APf1ssxiSOyky', b'1', b'0', '2026-07-15 06:00:32', '2026-07-15 06:00:32'),
(19, 'E2026019', '이민준', '1989-09-23', '010-8007-1158', 'user019@example.com', '서울특별시 강남구 테헤란로 177', '2023-03-24', NULL, 'ACTIVE', 3, 2, 3, NULL, NULL, NULL, NULL, 58000000, '$2a$10$YYQoLeqqqQBtWd5BZaImFOd0sFZSDiFIsgHT5fJ0APf1ssxiSOyky', b'1', b'0', '2026-07-15 06:00:32', '2026-07-15 06:00:32'),
(20, 'E2026020', '정승현', '1981-11-08', '010-2684-6794', 'user020@example.com', '서울특별시 종로구 여의대로 159', '2023-01-12', NULL, 'ACTIVE', 2, 1, 1, NULL, NULL, NULL, NULL, 40000000, '$2a$10$YYQoLeqqqQBtWd5BZaImFOd0sFZSDiFIsgHT5fJ0APf1ssxiSOyky', b'1', b'0', '2026-07-15 06:00:32', '2026-07-15 06:00:32'),
(21, 'E2026021', '신서연', '1998-04-09', '010-3608-2771', 'user021@example.com', '서울특별시 영등포구 테헤란로 121', '2024-11-28', NULL, 'ACTIVE', 2, 6, 1, NULL, NULL, NULL, NULL, 58000000, '$2a$10$YYQoLeqqqQBtWd5BZaImFOd0sFZSDiFIsgHT5fJ0APf1ssxiSOyky', b'1', b'0', '2026-07-15 06:00:32', '2026-07-15 06:00:32'),
(22, 'E2026022', '임채원', '1983-02-25', '010-5573-6753', 'user022@example.com', '서울특별시 성동구 종로 103', '2022-07-11', NULL, 'LEAVE', 2, 1, 3, NULL, NULL, NULL, NULL, 32000000, '$2a$10$YYQoLeqqqQBtWd5BZaImFOd0sFZSDiFIsgHT5fJ0APf1ssxiSOyky', b'1', b'0', '2026-07-15 06:00:32', '2026-07-15 06:00:32'),
(23, 'E2026023', '최가은', '1988-06-24', '010-6139-8149', 'user023@example.com', '서울특별시 종로구 종로 30', '2021-02-20', NULL, 'ACTIVE', 2, 5, 1, NULL, NULL, NULL, NULL, 32000000, '$2a$10$YYQoLeqqqQBtWd5BZaImFOd0sFZSDiFIsgHT5fJ0APf1ssxiSOyky', b'1', b'0', '2026-07-15 06:00:32', '2026-07-15 06:00:32'),
(24, 'E2026024', '신민준', '1996-04-12', '010-8066-2146', 'user024@example.com', '서울특별시 성동구 올림픽로 160', '2026-06-24', NULL, 'ACTIVE', 5, 5, 3, NULL, NULL, NULL, NULL, 50000000, '$2a$10$YYQoLeqqqQBtWd5BZaImFOd0sFZSDiFIsgHT5fJ0APf1ssxiSOyky', b'1', b'0', '2026-07-15 06:00:32', '2026-07-15 06:00:32'),
(25, 'E2026025', '임미소', '1996-07-22', '010-3851-5930', 'user025@example.com', '서울특별시 영등포구 종로 1', '2023-09-05', '2025-04-14', 'RESIGNED', 3, 4, 3, NULL, NULL, NULL, NULL, 58000000, '$2a$10$YYQoLeqqqQBtWd5BZaImFOd0sFZSDiFIsgHT5fJ0APf1ssxiSOyky', b'1', b'0', '2026-07-15 06:00:32', '2026-07-15 06:00:32'),
(26, 'E2026026', '권혜원', '2000-12-06', '010-2389-5649', 'user026@example.com', '서울특별시 종로구 성수일로 163', '2025-08-26', NULL, 'LEAVE', 4, 6, 1, NULL, NULL, NULL, NULL, 45000000, '$2a$10$YYQoLeqqqQBtWd5BZaImFOd0sFZSDiFIsgHT5fJ0APf1ssxiSOyky', b'1', b'0', '2026-07-15 06:00:32', '2026-07-15 06:00:32'),
(27, 'E2026027', '조서준', '1999-02-15', '010-7790-4185', 'user027@example.com', '서울특별시 성동구 성수일로 99', '2024-10-28', NULL, 'ACTIVE', 1, 1, 1, NULL, NULL, NULL, NULL, 32000000, '$2a$10$YYQoLeqqqQBtWd5BZaImFOd0sFZSDiFIsgHT5fJ0APf1ssxiSOyky', b'1', b'0', '2026-07-15 06:00:32', '2026-07-15 06:00:32'),
(28, 'E2026028', '최승현', '1992-04-28', '010-2988-8478', 'user028@example.com', '서울특별시 마포구 여의대로 171', '2025-08-02', NULL, 'ACTIVE', 2, 2, 3, NULL, NULL, NULL, NULL, 72000000, '$2a$10$YYQoLeqqqQBtWd5BZaImFOd0sFZSDiFIsgHT5fJ0APf1ssxiSOyky', b'1', b'0', '2026-07-15 06:00:32', '2026-07-15 06:00:32'),
(29, 'E2026029', '신동욱', '1999-04-27', '010-5543-9540', 'user029@example.com', '서울특별시 영등포구 성수일로 62', '2024-08-09', NULL, 'ACTIVE', 4, 2, 3, NULL, NULL, NULL, NULL, 50000000, '$2a$10$YYQoLeqqqQBtWd5BZaImFOd0sFZSDiFIsgHT5fJ0APf1ssxiSOyky', b'1', b'0', '2026-07-15 06:00:32', '2026-07-15 06:00:32'),
(30, 'E2026030', '윤지호', '1982-07-23', '010-3503-4505', 'user030@example.com', '서울특별시 강남구 여의대로 105', '2021-03-05', NULL, 'ACTIVE', 3, 3, 2, NULL, NULL, NULL, NULL, 32000000, '$2a$10$YYQoLeqqqQBtWd5BZaImFOd0sFZSDiFIsgHT5fJ0APf1ssxiSOyky', b'1', b'0', '2026-07-15 06:00:32', '2026-07-15 06:00:32'),
(31, 'E2026031', '조미소', '1990-01-12', '010-5892-7389', 'user031@example.com', '서울특별시 영등포구 종로 192', '2021-10-13', NULL, 'LEAVE', 4, 5, 3, NULL, NULL, NULL, NULL, 45000000, '$2a$10$YYQoLeqqqQBtWd5BZaImFOd0sFZSDiFIsgHT5fJ0APf1ssxiSOyky', b'1', b'0', '2026-07-15 06:00:32', '2026-07-15 06:00:32'),
(33, 'E2026033', '박승현', '1985-04-15', '010-6355-6529', 'user033@example.com', '서울특별시 영등포구 올림픽로 193', '2021-05-13', NULL, 'ACTIVE', 2, 4, 1, NULL, NULL, NULL, NULL, 72000000, '$2a$10$YYQoLeqqqQBtWd5BZaImFOd0sFZSDiFIsgHT5fJ0APf1ssxiSOyky', b'1', b'0', '2026-07-15 06:00:32', '2026-07-15 06:00:32'),
(34, 'E2026034', '김예린', '1995-01-25', '010-1508-5051', 'user034@example.com', '서울특별시 마포구 테헤란로 160', '2026-01-25', NULL, 'ACTIVE', 1, 3, 1, NULL, NULL, NULL, NULL, 36000000, '$2a$10$YYQoLeqqqQBtWd5BZaImFOd0sFZSDiFIsgHT5fJ0APf1ssxiSOyky', b'1', b'0', '2026-07-15 06:00:32', '2026-07-15 06:00:32'),
(35, 'E2026035', '조준혁', '1978-03-10', '010-2771-1420', 'user035@example.com', '서울특별시 송파구 종로 174', '2022-10-20', '2025-12-23', 'RESIGNED', 6, 3, 1, NULL, NULL, NULL, NULL, 36000000, '$2a$10$YYQoLeqqqQBtWd5BZaImFOd0sFZSDiFIsgHT5fJ0APf1ssxiSOyky', b'1', b'0', '2026-07-15 06:00:32', '2026-07-15 06:00:32'),
(36, 'E2026036', '윤하은', '1993-01-12', '010-9728-8018', 'user036@example.com', '서울특별시 성동구 올림픽로 18', '2025-02-26', NULL, 'ACTIVE', 6, 3, 3, NULL, NULL, NULL, NULL, 65000000, '$2a$10$YYQoLeqqqQBtWd5BZaImFOd0sFZSDiFIsgHT5fJ0APf1ssxiSOyky', b'1', b'0', '2026-07-15 06:00:32', '2026-07-15 06:00:32'),
(37, 'E2026037', '황하은', '1998-09-21', '010-5425-9817', 'user037@example.com', '서울특별시 영등포구 여의대로 112', '2024-12-05', '2025-07-06', 'RESIGNED', 4, 3, 3, NULL, NULL, NULL, NULL, 45000000, '$2a$10$YYQoLeqqqQBtWd5BZaImFOd0sFZSDiFIsgHT5fJ0APf1ssxiSOyky', b'1', b'0', '2026-07-15 06:00:32', '2026-07-15 06:00:32'),
(38, 'E2026038', '박지호', '1975-08-28', '010-6325-3979', 'user038@example.com', '서울특별시 영등포구 월드컵로 91', '2025-10-22', '2025-07-11', 'RESIGNED', 4, 2, 1, NULL, NULL, NULL, NULL, 50000000, '$2a$10$YYQoLeqqqQBtWd5BZaImFOd0sFZSDiFIsgHT5fJ0APf1ssxiSOyky', b'1', b'0', '2026-07-15 06:00:32', '2026-07-15 06:00:32'),
(39, 'E2026039', '김규현', '1992-04-23', '010-8800-9041', 'user039@example.com', '서울특별시 영등포구 테헤란로 24', '2026-04-16', NULL, 'ACTIVE', 2, 1, 1, NULL, NULL, NULL, NULL, 45000000, '$2a$10$YYQoLeqqqQBtWd5BZaImFOd0sFZSDiFIsgHT5fJ0APf1ssxiSOyky', b'1', b'0', '2026-07-15 06:00:32', '2026-07-15 06:00:32'),
(40, 'E2026040', '임민재', '1998-09-11', '010-6764-8434', 'user040@example.com', '서울특별시 송파구 올림픽로 65', '2025-06-14', NULL, 'ACTIVE', 3, 4, 2, NULL, NULL, NULL, NULL, 58000000, '$2a$10$YYQoLeqqqQBtWd5BZaImFOd0sFZSDiFIsgHT5fJ0APf1ssxiSOyky', b'1', b'0', '2026-07-15 06:00:32', '2026-07-15 06:00:32'),
(41, 'E2026041', '최예린', '1983-12-19', '010-9595-5636', 'user041@example.com', '서울특별시 강남구 월드컵로 76', '2022-12-16', NULL, 'ACTIVE', 6, 2, 1, NULL, NULL, NULL, NULL, 32000000, '$2a$10$YYQoLeqqqQBtWd5BZaImFOd0sFZSDiFIsgHT5fJ0APf1ssxiSOyky', b'1', b'0', '2026-07-15 06:00:32', '2026-07-15 06:00:32'),
(42, 'E2026042', '정지호', '1995-08-04', '010-1200-5658', 'user042@example.com', '서울특별시 영등포구 여의대로 113', '2023-12-05', NULL, 'ACTIVE', 1, 1, 2, NULL, NULL, NULL, NULL, 72000000, '$2a$10$YYQoLeqqqQBtWd5BZaImFOd0sFZSDiFIsgHT5fJ0APf1ssxiSOyky', b'1', b'0', '2026-07-15 06:00:32', '2026-07-15 06:00:32'),
(43, 'E2026043', '최예은', '1976-03-05', '010-5978-2395', 'user043@example.com', '서울특별시 마포구 테헤란로 143', '2025-11-22', NULL, 'ACTIVE', 4, 4, 1, NULL, NULL, NULL, NULL, 45000000, '$2a$10$YYQoLeqqqQBtWd5BZaImFOd0sFZSDiFIsgHT5fJ0APf1ssxiSOyky', b'1', b'0', '2026-07-15 06:00:32', '2026-07-15 06:00:32'),
(44, 'E2026044', '서혜원', '1994-01-20', '010-2625-4404', 'user044@example.com', '서울특별시 성동구 월드컵로 68', '2024-05-19', NULL, 'ACTIVE', 4, 3, 2, NULL, NULL, NULL, NULL, 40000000, '$2a$10$YYQoLeqqqQBtWd5BZaImFOd0sFZSDiFIsgHT5fJ0APf1ssxiSOyky', b'1', b'0', '2026-07-15 06:00:32', '2026-07-15 06:00:32'),
(45, 'E2026045', '박은서', '1984-01-08', '010-5720-5632', 'user045@example.com', '서울특별시 성동구 여의대로 19', '2026-05-16', NULL, 'ACTIVE', 1, 4, 1, NULL, NULL, NULL, NULL, 45000000, '$2a$10$YYQoLeqqqQBtWd5BZaImFOd0sFZSDiFIsgHT5fJ0APf1ssxiSOyky', b'1', b'0', '2026-07-15 06:00:32', '2026-07-15 06:00:32'),
(46, 'E2026046', '신지민', '1979-02-02', '010-3718-6039', 'user046@example.com', '서울특별시 종로구 성수일로 146', '2022-05-27', NULL, 'ACTIVE', 5, 2, 3, NULL, NULL, NULL, NULL, 50000000, '$2a$10$YYQoLeqqqQBtWd5BZaImFOd0sFZSDiFIsgHT5fJ0APf1ssxiSOyky', b'1', b'0', '2026-07-15 06:00:32', '2026-07-15 06:00:32'),
(47, 'E2026047', '황혜원', '1994-05-01', '010-2496-4750', 'user047@example.com', '서울특별시 성동구 종로 151', '2024-12-11', NULL, 'ACTIVE', 1, 5, 1, NULL, NULL, NULL, NULL, 50000000, '$2a$10$YYQoLeqqqQBtWd5BZaImFOd0sFZSDiFIsgHT5fJ0APf1ssxiSOyky', b'1', b'0', '2026-07-15 06:00:32', '2026-07-15 06:00:32'),
(48, 'E2026048', '이현우', '1993-07-21', '010-9056-2494', 'user048@example.com', '서울특별시 영등포구 올림픽로 105', '2024-05-06', NULL, 'ACTIVE', 4, 5, 3, NULL, NULL, NULL, NULL, 40000000, '$2a$10$YYQoLeqqqQBtWd5BZaImFOd0sFZSDiFIsgHT5fJ0APf1ssxiSOyky', b'1', b'0', '2026-07-15 06:00:32', '2026-07-15 06:00:32'),
(49, 'E2026049', '한미소', '1999-09-02', '010-8451-2442', 'user049@example.com', '서울특별시 송파구 올림픽로 83', '2026-04-27', NULL, 'ACTIVE', 6, 4, 1, NULL, NULL, NULL, NULL, 32000000, '$2a$10$YYQoLeqqqQBtWd5BZaImFOd0sFZSDiFIsgHT5fJ0APf1ssxiSOyky', b'1', b'0', '2026-07-15 06:00:32', '2026-07-15 06:00:32'),
(50, 'E2026050', '권미소', '1990-11-15', '010-1845-4335', 'user050@example.com', '서울특별시 송파구 종로 34', '2023-10-25', NULL, 'ACTIVE', 1, 2, 2, NULL, NULL, NULL, NULL, 36000000, '$2a$10$YYQoLeqqqQBtWd5BZaImFOd0sFZSDiFIsgHT5fJ0APf1ssxiSOyky', b'1', b'0', '2026-07-15 06:00:32', '2026-07-15 06:00:32'),
(56, 'E2026104', '정예준', '2003-10-16', '01064743243', 'jung@example.com', '', '2026-07-15', NULL, 'ACTIVE', 1, 6, 1, NULL, NULL, NULL, NULL, NULL, '$2a$10$YYQoLeqqqQBtWd5BZaImFOd0sFZSDiFIsgHT5fJ0APf1ssxiSOyky', b'1', b'0', '2026-07-15 23:27:45', '2026-07-15 23:27:45');

-- 관리자 테스트 계정 (로그인: admin123@test.com / test1234)
INSERT IGNORE INTO employee (employee_id, employee_no, name, birth_date, phone, email, address, hire_date, resignation_date, employee_status_code, department_id, position_id, employment_type_id, manager_id, bank_name, account_number, account_holder, base_salary, password, active, deleted, created_at, updated_at) VALUES
(77, 'ADMIN001', '관리자', '1990-01-01', '010-0000-0000', 'admin123@test.com', NULL, '2024-01-01', NULL, 'ACTIVE', 1, 1, 1, NULL, NULL, NULL, NULL, NULL, '$2a$10$YYQoLeqqqQBtWd5BZaImFOd0sFZSDiFIsgHT5fJ0APf1ssxiSOyky', b'1', b'0', NOW(), NOW());

UPDATE employee SET role_code = 'ADMIN' WHERE email = 'admin123@test.com' OR employee_no LIKE 'ADMIN%';

INSERT IGNORE INTO employee_leave_balance (employee_leave_balance_id, employee_id, leave_type_id, total_days, used_days, remain_days, expire_date, created_at) VALUES
(1, 1, 1, 18.0, 0.0, 18.0, '2021-03-02', '2026-07-15 06:47:32'),
(2, 3, 1, 20.0, 0.0, 20.0, '2027-07-04', '2026-07-15 06:47:32'),
(3, 4, 1, 15.0, 0.0, 15.0, '2027-07-04', '2026-07-15 06:47:32'),
(4, 5, 1, 17.0, 0.0, 17.0, '2023-09-16', '2026-07-15 06:47:32'),
(5, 6, 1, 19.0, 0.0, 19.0, '2027-06-04', '2026-07-15 06:47:32'),
(6, 7, 1, 20.0, 0.0, 20.0, '2027-05-20', '2026-07-15 06:47:32'),
(7, 8, 1, 19.0, 0.0, 19.0, '2022-12-16', '2026-07-15 06:47:32'),
(8, 9, 1, 20.0, 0.0, 20.0, '2027-03-13', '2026-07-15 06:47:32'),
(9, 10, 1, 20.0, 0.0, 20.0, '2022-04-03', '2026-07-15 06:47:32'),
(10, 11, 1, 16.0, 0.0, 16.0, '2022-11-14', '2026-07-15 06:47:32'),
(11, 12, 1, 16.0, 0.0, 16.0, '2025-03-14', '2026-07-15 06:47:32'),
(12, 13, 1, 18.0, 0.0, 18.0, '2025-04-28', '2026-07-15 06:47:32'),
(13, 14, 1, 16.0, 0.0, 16.0, '2026-12-18', '2026-07-15 06:47:32'),
(14, 15, 1, 15.0, 0.0, 15.0, '2023-07-04', '2026-07-15 06:47:32'),
(15, 16, 1, 18.0, 0.0, 18.0, '2027-06-10', '2026-07-15 06:47:32'),
(16, 17, 1, 16.0, 0.0, 16.0, '2024-03-15', '2026-07-15 06:47:32'),
(17, 18, 1, 19.0, 0.0, 19.0, '2024-05-20', '2026-07-15 06:47:32'),
(18, 19, 1, 16.0, 0.0, 16.0, '2024-03-24', '2026-07-15 06:47:32'),
(19, 20, 1, 15.0, 0.0, 15.0, '2024-01-12', '2026-07-15 06:47:32'),
(20, 21, 1, 20.0, 0.0, 20.0, '2025-11-28', '2026-07-15 06:47:32'),
(21, 22, 1, 15.0, 0.0, 15.0, '2023-07-11', '2026-07-15 06:47:32'),
(22, 23, 1, 19.0, 0.0, 19.0, '2022-02-20', '2026-07-15 06:47:32'),
(23, 24, 1, 19.0, 0.0, 19.0, '2027-06-24', '2026-07-15 06:47:32'),
(24, 25, 1, 18.0, 0.0, 18.0, '2024-09-05', '2026-07-15 06:47:32'),
(25, 26, 1, 20.0, 0.0, 20.0, '2026-08-26', '2026-07-15 06:47:32'),
(26, 27, 1, 15.0, 0.0, 15.0, '2025-10-28', '2026-07-15 06:47:32'),
(27, 28, 1, 16.0, 0.0, 16.0, '2026-08-02', '2026-07-15 06:47:32'),
(28, 29, 1, 16.0, 0.0, 16.0, '2025-08-09', '2026-07-15 06:47:32'),
(29, 30, 1, 17.0, 0.0, 17.0, '2022-03-05', '2026-07-15 06:47:32'),
(30, 31, 1, 19.0, 0.0, 19.0, '2022-10-13', '2026-07-15 06:47:32'),
(31, 33, 1, 18.0, 0.0, 18.0, '2022-05-13', '2026-07-15 06:47:32'),
(32, 34, 1, 17.0, 0.0, 17.0, '2027-01-25', '2026-07-15 06:47:32'),
(33, 35, 1, 17.0, 0.0, 17.0, '2023-10-20', '2026-07-15 06:47:32'),
(34, 36, 1, 17.0, 0.0, 17.0, '2026-02-26', '2026-07-15 06:47:32'),
(35, 37, 1, 17.0, 0.0, 17.0, '2025-12-05', '2026-07-15 06:47:32'),
(36, 38, 1, 16.0, 0.0, 16.0, '2026-10-22', '2026-07-15 06:47:32'),
(37, 39, 1, 15.0, 0.0, 15.0, '2027-04-16', '2026-07-15 06:47:32'),
(38, 40, 1, 18.0, 0.0, 18.0, '2026-06-14', '2026-07-15 06:47:32'),
(39, 41, 1, 16.0, 0.0, 16.0, '2023-12-16', '2026-07-15 06:47:32'),
(40, 42, 1, 15.0, 0.0, 15.0, '2024-12-05', '2026-07-15 06:47:32'),
(41, 43, 1, 18.0, 0.0, 18.0, '2026-11-22', '2026-07-15 06:47:32'),
(42, 44, 1, 17.0, 0.0, 17.0, '2025-05-19', '2026-07-15 06:47:32'),
(43, 45, 1, 18.0, 0.0, 18.0, '2027-05-16', '2026-07-15 06:47:32'),
(44, 46, 1, 16.0, 0.0, 16.0, '2023-05-27', '2026-07-15 06:47:32'),
(45, 47, 1, 19.0, 0.0, 19.0, '2025-12-11', '2026-07-15 06:47:32'),
(46, 48, 1, 19.0, 0.0, 19.0, '2025-05-06', '2026-07-15 06:47:32'),
(47, 49, 1, 18.0, 0.0, 18.0, '2027-04-27', '2026-07-15 06:47:32'),
(48, 50, 1, 16.0, 0.0, 16.0, '2024-10-25', '2026-07-15 06:47:32'),
(69, 56, 1, 20.0, 0.0, 20.0, '2027-07-15', '2026-07-15 23:27:45');
